-- Database: `eshoppingapp`

-- Table `admin`
CREATE TABLE `admin` (
  `id` int(11) NOT NULL,
  `name` varchar(50) NOT NULL,
  `email` varchar(100) NOT NULL,
  `password` varchar(255) NOT NULL,
  `is_active` enum('0','1') NOT NULL DEFAULT '0'
) ENGINE=InnoDB DEFAULT CHARSET=latin1;

-- Table structure for table `brands`
CREATE TABLE `brands` (
  `brand_id` int(100) NOT NULL,
  `brand_title` text NOT NULL
) ENGINE=InnoDB DEFAULT CHARSET=latin1;

-- Dump data for table `brands`
INSERT INTO `brands` (`brand_id`, `brand_title`) 
VALUES (1, 'HP'),
(2, 'Samsung'),
(3, 'Apple'),
(4, 'Sony'),
(5, 'LG'),
(6, 'OnePlus+'),
(7, 'Excl'),
(8, 'Aduro'),
(9, 'Dr. Martens'),
(10, 'Hot Toys');

-- Table `cart`
CREATE TABLE `cart` (
  `id` int(10) NOT NULL,
  `p_id` int(10) NOT NULL,
  `ip_add` varchar(250) NOT NULL,
  `user_id` int(10) DEFAULT NULL,
  `qty` int(10) NOT NULL
) ENGINE=InnoDB DEFAULT CHARSET=latin1;

-- Table `categories`
CREATE TABLE `categories` (
  `cat_id` int(100) NOT NULL,
  `cat_title` text NOT NULL
) ENGINE=InnoDB DEFAULT CHARSET=latin1;

-- Dump data for table `categories`
INSERT INTO `categories` (`cat_id`, `cat_title`) 
VALUES (1, 'Electronics'),
(2, 'Home & Kitchen'),
(3, 'Tools & Home Improvement'),
(4, 'CDs & Vinyl'),
(5, 'Clothings'),
(6, 'Mobiles'),
(7, 'Automotive Parts & Accessories'),
(8, 'Toys');

-- Table `orders`
CREATE TABLE `orders` (
  `order_id` int(11) NOT NULL,
  `user_id` int(11) NOT NULL,
  `product_id` int(11) NOT NULL,
  `qty` int(11) NOT NULL,
  `trx_id` varchar(255) NOT NULL,
  `p_status` varchar(20) NOT NULL
) ENGINE=InnoDB DEFAULT CHARSET=latin1;

-- Table `products`
CREATE TABLE `products` (
  `product_id` int(100) NOT NULL,
  `product_cat` int(11) NOT NULL,
  `product_brand` int(100) NOT NULL,
  `product_title` varchar(255) NOT NULL,
  `product_price` int(100) NOT NULL,
  `product_qty` int(11) NOT NULL,
  `product_desc` text NOT NULL,
  `product_image` text NOT NULL,
  `product_keywords` text NOT NULL
) ENGINE=InnoDB DEFAULT CHARSET=latin1;

-- Dump data for table `products`
INSERT INTO `products` (`product_id`, `product_cat`, `product_brand`, `product_title`, `product_price`, `product_qty`, `product_desc`, `product_image`, `product_keywords`) 
VALUES (1, 6, 2, 'Samsung Galaxy Z Fold 2', 109990, 5, 'Last year’s Galaxy Fold was a sort of experiment in the field of foldable phones. The idea was an innovative one but the phone faced a lot of durability issues. Its launch was postponed multiple times because of Samsung’s inability to solve all the problems. Samsung will likely avoid those situations with its successor.', '1616500092_sm-zfold.jpg', 'samsung, mobile, galaxy fold'),
(2, 6, 3, 'Iphone 12 Pro Max', 68990, 7, '5G goes Pro. A14 Bionic rockets past every other smartphone chip. The Pro camera system takes low-light photography to the next level — with an even bigger jump on iPhone 12 Pro Max. And Ceramic Shield delivers four times better drop performance.', '1616499931_iph12pm.jpg', 'apple, iphone'),
(3, 6, 2, 'Samsung Galaxy S21 Ultra', 69990, 10, 'This is a demo', '1616492395_Samsung-Galaxy-S21-Ultra-1608287647-0-0.jpg', 'samsung, s21, s21 ultra'),
(4, 6, 6, 'OnePlus 8T', 29990, 13, 'On spec-sheet, the OnePlus 8T boasts plenty of improvements from its predecessor i.e. the OnePlus 8. For instance, its 6.55-inch 1080p OLED display now comes with a faster 120Hz refresh rate. In comparison, the OnePlus 8 had a 90Hz refresh rate. This upgrade seems huge. However, users will agree that you can’t really find much of a difference between 90Hz to 120Hz on a smartphone screen.', '1616500410_OnePlus-8T-5G-Lunar-Silver-8GB-RAM-128GB-Storage-image-4.jpg', 'one plus, oneplus8'),
(5, 1, 8, 'Aduro Wireless Headphones', 4100, 6, 'Amazing Bluetooth headphones sound with aptX technology. High-quality built-in microphone with Bluetooth 5.0 technology', '1616502854_hdphn.jpg', 'headphone, aduro'),
(6, 5, 9, 'Dr. Martens Mens Patch', 5350, 3, 'Color: Grey/Charcoal/Dark Grey', '1616503181_Dr. Martens.jpg', 'dr martens, shoes'),
(7, 5, 7, 'Mens Hoodie', 750, 4, 'Colors: Black/White/Maroon', '1616504885_menshoodie.jpg', 'hood, hoodie'),
(8, 8, 10, 'Thanos Hot Toys', 1500, 19, 'Thanos sixth scale collectible figure.', '1616506942_thanos-hottoys.jpg', 'thanos, marvel, toys, hot toys');

-- Table `user_info`
CREATE TABLE `user_info` (
  `user_id` int(10) NOT NULL,
  `first_name` varchar(100) NOT NULL,
  `last_name` varchar(100) NOT NULL,
  `email` varchar(300) NOT NULL,
  `password` varchar(300) NOT NULL,
  `mobile` varchar(10) NOT NULL,
  `address1` varchar(300) NOT NULL,
  `address2` varchar(11) NOT NULL
) ENGINE=InnoDB DEFAULT CHARSET=latin1;

-- Indexes for dumped tables

-- Indexes for table `admin`
ALTER TABLE `admin`
  ADD PRIMARY KEY (`id`),
  ADD UNIQUE KEY `email` (`email`);

-- Indexes for table `brands`
ALTER TABLE `brands`
  ADD PRIMARY KEY (`brand_id`);

-- Indexes for table `cart`
ALTER TABLE `cart`
  ADD PRIMARY KEY (`id`);

-- Indexes for table `categories`
ALTER TABLE `categories`
  ADD PRIMARY KEY (`cat_id`);

-- Indexes for table `orders`
ALTER TABLE `orders`
  ADD PRIMARY KEY (`order_id`);

-- Indexes for table `products`
ALTER TABLE `products`
  ADD PRIMARY KEY (`product_id`),
  ADD KEY `fk_product_cat` (`product_cat`),
  ADD KEY `fk_product_brand` (`product_brand`);

-- Indexes for table `user_info`
ALTER TABLE `user_info`
  ADD PRIMARY KEY (`user_id`);

-- AUTO_INCREMENT for dumped tables

-- AUTO_INCREMENT for table `admin`
ALTER TABLE `admin`
  MODIFY `id` int(11) NOT NULL AUTO_INCREMENT, AUTO_INCREMENT=1;

-- AUTO_INCREMENT for table `brands`
ALTER TABLE `brands`
  MODIFY `brand_id` int(100) NOT NULL AUTO_INCREMENT, AUTO_INCREMENT=11;

-- AUTO_INCREMENT for table `cart`
ALTER TABLE `cart`
  MODIFY `id` int(10) NOT NULL AUTO_INCREMENT, AUTO_INCREMENT=1;

-- AUTO_INCREMENT for table `categories`
ALTER TABLE `categories`
  MODIFY `cat_id` int(100) NOT NULL AUTO_INCREMENT, AUTO_INCREMENT=9;

-- AUTO_INCREMENT for table `orders`
ALTER TABLE `orders`
  MODIFY `order_id` int(11) NOT NULL AUTO_INCREMENT, AUTO_INCREMENT=1;

-- AUTO_INCREMENT for table `products`
ALTER TABLE `products`
  MODIFY `product_id` int(100) NOT NULL AUTO_INCREMENT, AUTO_INCREMENT=9;

-- AUTO_INCREMENT for table `user_info`
ALTER TABLE `user_info`
  MODIFY `user_id` int(10) NOT NULL AUTO_INCREMENT, AUTO_INCREMENT=1;

-- Constraints for dumped tables

-- Constraints for table `products`
ALTER TABLE `products`
  ADD CONSTRAINT `fk_product_brand` FOREIGN KEY (`product_brand`) REFERENCES `brands` (`brand_id`),
  ADD CONSTRAINT `fk_product_cat` FOREIGN KEY (`product_cat`) REFERENCES `categories` (`cat_id`);